"extreme","sparse","crc32","crc64","none","sha256","-9","-8","-7","-6","-5","-4","-3","-2","-1",0,"worker_id","PERF"
0,0,0,0,1,0,0,0,0,0,0,0,0,0,0,1,73,10.402
0,0,1,0,0,0,0,0,0,0,0,0,0,0,0,1,73,10.46
0,0,0,1,0,0,0,0,0,0,0,0,0,0,0,1,73,10.526
0,0,0,0,0,1,0,0,0,0,0,0,0,0,0,1,73,11.746
0,0,0,0,1,0,0,0,0,0,0,0,0,0,1,0,73,14.136
0,0,1,0,0,0,0,0,0,0,0,0,0,0,1,0,73,14.224
0,0,0,1,0,0,0,0,0,0,0,0,0,0,1,0,73,14.284
0,0,0,0,0,1,0,0,0,0,0,0,0,0,1,0,73,15.378
0,0,1,0,0,0,0,0,0,0,0,0,0,1,0,0,73,18.364
0,0,0,0,1,0,0,0,0,0,0,0,0,1,0,0,73,18.378
0,0,0,1,0,0,0,0,0,0,0,0,0,1,0,0,73,18.428
0,0,0,0,0,1,0,0,0,0,0,0,0,1,0,0,73,19.504
0,0,0,0,1,0,0,0,0,0,0,0,1,0,0,0,73,23.436
0,0,1,0,0,0,0,0,0,0,0,0,1,0,0,0,73,23.534
0,0,0,1,0,0,0,0,0,0,0,0,1,0,0,0,73,23.606
0,0,0,0,0,1,0,0,0,0,0,0,1,0,0,0,73,24.762
0,0,1,0,0,0,0,0,0,0,0,1,0,0,0,0,73,34.098
0,0,0,0,0,1,0,0,0,0,0,1,0,0,0,0,73,35.304
0,0,0,1,0,0,0,0,0,0,0,1,0,0,0,0,73,34.214
0,0,0,0,1,0,0,0,0,0,0,1,0,0,0,0,73,34.02
0,0,0,0,0,1,0,0,0,0,1,0,0,0,0,0,73,44.146
0,0,0,0,1,0,0,0,0,0,1,0,0,0,0,0,73,42.918
0,0,1,0,0,0,0,0,0,0,1,0,0,0,0,0,73,43.012
0,0,0,1,0,0,0,0,0,0,1,0,0,0,0,0,73,43.076
0,0,0,0,1,0,0,0,0,1,0,0,0,0,0,0,73,54.132
0,0,0,0,0,1,0,0,0,1,0,0,0,0,0,0,73,55.43
0,0,1,0,0,0,0,0,0,1,0,0,0,0,0,0,73,54.296
0,0,0,0,0,1,0,0,1,0,0,0,0,0,0,0,73,55.952
0,0,0,0,1,0,0,0,1,0,0,0,0,0,0,0,73,54.684
0,0,0,1,0,0,0,0,0,1,0,0,0,0,0,0,73,54.366
0,0,0,0,0,1,0,1,0,0,0,0,0,0,0,0,73,56.414
0,0,0,0,1,0,0,1,0,0,0,0,0,0,0,0,73,55.202
0,0,1,0,0,0,0,0,1,0,0,0,0,0,0,0,73,54.79
0,0,0,1,0,0,0,0,1,0,0,0,0,0,0,0,73,54.898
0,0,1,0,0,0,0,1,0,0,0,0,0,0,0,0,73,55.33
0,0,0,0,1,0,1,0,0,0,0,0,0,0,0,0,73,55.944
0,0,0,1,0,0,0,1,0,0,0,0,0,0,0,0,73,55.562
0,0,0,1,0,0,1,0,0,0,0,0,0,0,0,0,73,56.16
0,0,1,0,0,0,1,0,0,0,0,0,0,0,0,0,73,56.014
0,0,0,0,0,1,1,0,0,0,0,0,0,0,0,0,73,57.204
0,1,0,0,1,0,0,0,0,0,0,0,0,0,0,1,73,10.39
0,1,1,0,0,0,0,0,0,0,0,0,0,0,0,1,73,10.452
0,1,0,1,0,0,0,0,0,0,0,0,0,0,0,1,73,10.542
0,1,0,0,0,1,0,0,0,0,0,0,0,0,0,1,73,11.76
0,1,1,0,0,0,0,0,0,0,0,0,0,0,1,0,73,14.226
0,1,0,0,1,0,0,0,0,0,0,0,0,0,1,0,73,14.138
0,1,0,1,0,0,0,0,0,0,0,0,0,0,1,0,73,14.294
0,1,0,0,0,1,0,0,0,0,0,0,0,0,1,0,73,15.386
0,1,1,0,0,0,0,0,0,0,0,0,0,1,0,0,73,18.348
0,1,0,0,1,0,0,0,0,0,0,0,0,1,0,0,73,18.254
0,1,0,1,0,0,0,0,0,0,0,0,0,1,0,0,73,18.424
0,1,0,0,0,1,0,0,0,0,0,0,0,1,0,0,73,19.492
0,1,0,0,1,0,0,0,0,0,0,0,1,0,0,0,73,23.444
0,1,1,0,0,0,0,0,0,0,0,0,1,0,0,0,73,23.54
0,1,0,1,0,0,0,0,0,0,0,0,1,0,0,0,73,23.6
0,1,0,0,0,1,0,0,0,0,0,0,1,0,0,0,73,24.696
0,1,1,0,0,0,0,0,0,0,0,1,0,0,0,0,73,34.134
0,1,0,0,0,1,0,0,0,0,0,1,0,0,0,0,73,35.294
0,1,0,1,0,0,0,0,0,0,0,1,0,0,0,0,73,34.2
0,1,0,0,1,0,0,0,0,0,0,1,0,0,0,0,73,34.308
0,1,0,0,0,1,0,0,0,0,1,0,0,0,0,0,73,44.166
0,1,1,0,0,0,0,0,0,0,1,0,0,0,0,0,73,42.988
0,1,0,0,1,0,0,0,0,0,1,0,0,0,0,0,73,42.9
0,1,0,1,0,0,0,0,0,0,1,0,0,0,0,0,73,43.13
0,1,0,0,1,0,0,0,0,1,0,0,0,0,0,0,73,54.148
0,1,0,0,0,1,0,0,0,1,0,0,0,0,0,0,73,55.44
0,1,1,0,0,0,0,0,0,1,0,0,0,0,0,0,73,54.282
0,1,0,0,0,1,0,0,1,0,0,0,0,0,0,0,73,55.944
0,1,0,1,0,0,0,0,0,1,0,0,0,0,0,0,73,54.36
0,1,0,0,1,0,0,0,1,0,0,0,0,0,0,0,73,54.722
0,1,0,0,0,1,0,1,0,0,0,0,0,0,0,0,73,56.472
0,1,0,0,1,0,0,1,0,0,0,0,0,0,0,0,73,55.198
0,1,1,0,0,0,0,0,1,0,0,0,0,0,0,0,73,54.828
0,1,0,1,0,0,0,0,1,0,0,0,0,0,0,0,73,54.97
0,1,1,0,0,0,0,1,0,0,0,0,0,0,0,0,73,55.348
0,1,0,0,1,0,1,0,0,0,0,0,0,0,0,0,73,55.898
0,1,0,1,0,0,0,1,0,0,0,0,0,0,0,0,73,55.454
0,1,0,1,0,0,1,0,0,0,0,0,0,0,0,0,73,56.158
0,1,1,0,0,0,1,0,0,0,0,0,0,0,0,0,73,56.018
0,1,0,0,0,1,1,0,0,0,0,0,0,0,0,0,73,57.17
1,0,0,0,1,0,0,0,0,0,0,0,0,0,0,1,73,91.01
1,0,0,1,0,0,0,0,0,0,0,0,0,0,0,1,73,91.188
1,0,1,0,0,0,0,0,0,0,0,0,0,0,0,1,73,91.144
1,0,0,0,0,1,0,0,0,0,0,0,0,0,0,1,73,92.27
1,0,1,0,0,0,0,0,0,0,0,0,0,0,1,0,73,103.512
1,0,0,0,0,1,0,0,0,0,0,0,0,0,1,0,73,104.614
1,0,0,0,1,0,0,0,0,0,0,0,1,0,0,0,73,105.494
1,0,1,0,0,0,0,0,0,0,0,0,1,0,0,0,73,105.69
1,0,0,1,0,0,0,0,0,0,0,0,1,0,0,0,73,105.686
1,0,1,0,0,0,0,0,0,0,0,0,0,1,0,0,73,108.706
1,0,0,0,1,0,0,0,0,0,0,0,0,1,0,0,73,108.606
1,0,0,1,0,0,0,0,0,0,0,0,0,1,0,0,73,108.746
1,0,0,0,0,1,0,0,0,0,0,0,1,0,0,0,73,106.738
1,0,0,0,0,1,0,0,0,0,0,0,0,1,0,0,73,109.802
1,0,0,0,0,1,0,0,0,0,1,0,0,0,0,0,73,109.482
1,0,1,0,0,0,0,0,0,0,1,0,0,0,0,0,73,108.344
1,0,0,0,1,0,0,0,0,0,1,0,0,0,0,0,73,108.196
1,0,0,1,0,0,0,0,0,0,1,0,0,0,0,0,73,108.608
1,0,1,0,0,0,0,0,0,0,0,1,0,0,0,0,73,112.892
1,0,0,1,0,0,0,0,0,0,0,1,0,0,0,0,73,113.036
1,0,0,0,0,1,0,0,0,0,0,1,0,0,0,0,73,114.076
1,0,0,0,1,0,0,0,0,0,0,1,0,0,0,0,73,112.866
1,0,0,0,1,0,0,0,0,1,0,0,0,0,0,0,73,117.69
1,0,0,0,0,1,0,0,0,1,0,0,0,0,0,0,73,118.974
1,0,1,0,0,0,0,0,0,1,0,0,0,0,0,0,73,117.804
1,0,0,1,0,0,0,0,0,1,0,0,0,0,0,0,73,117.946
1,0,0,0,0,1,0,0,1,0,0,0,0,0,0,0,73,121.456
1,0,0,0,1,0,0,1,0,0,0,0,0,0,0,0,73,120.79
1,0,0,0,1,0,0,0,1,0,0,0,0,0,0,0,73,120.22
1,0,1,0,0,0,0,0,1,0,0,0,0,0,0,0,73,120.388
1,0,0,0,0,1,0,1,0,0,0,0,0,0,0,0,73,122.076
1,0,0,1,0,0,0,0,1,0,0,0,0,0,0,0,73,120.492
1,0,0,0,0,1,1,0,0,0,0,0,0,0,0,0,73,122.768
1,0,1,0,0,0,0,1,0,0,0,0,0,0,0,0,73,120.866
1,0,0,0,1,0,1,0,0,0,0,0,0,0,0,0,73,121.504
1,0,0,1,0,0,0,1,0,0,0,0,0,0,0,0,73,120.972
1,0,1,0,0,0,1,0,0,0,0,0,0,0,0,0,73,121.644
1,0,0,1,0,0,1,0,0,0,0,0,0,0,0,0,73,121.718
1,1,0,1,0,0,0,0,0,0,0,0,0,0,0,1,73,91.202
1,1,1,0,0,0,0,0,0,0,0,0,0,0,0,1,73,91.114
1,1,0,0,1,0,0,0,0,0,0,0,0,0,0,1,73,91.09
1,1,0,0,0,1,0,0,0,0,0,0,0,0,0,1,73,92.234
1,1,0,0,1,0,0,0,0,0,0,0,0,0,1,0,73,103.384
1,1,1,0,0,0,0,0,0,0,0,0,0,0,1,0,73,103.554
1,1,0,1,0,0,0,0,0,0,0,0,0,0,1,0,73,103.646
1,1,0,0,0,1,0,0,0,0,0,0,0,0,1,0,73,104.606
1,1,1,0,0,0,0,0,0,0,0,0,1,0,0,0,73,105.634
1,1,0,1,0,0,0,0,0,0,0,0,1,0,0,0,73,105.684
1,1,0,0,1,0,0,0,0,0,0,0,1,0,0,0,73,105.482
1,1,1,0,0,0,0,0,0,0,0,0,0,1,0,0,73,108.824
1,1,0,1,0,0,0,0,0,0,0,0,0,1,0,0,73,108.762
1,1,0,0,0,1,0,0,0,0,0,0,1,0,0,0,73,106.818
1,1,0,0,1,0,0,0,0,0,0,0,0,1,0,0,73,108.548
1,1,1,0,0,0,0,0,0,0,1,0,0,0,0,0,73,108.326
1,1,0,0,1,0,0,0,0,0,1,0,0,0,0,0,73,108.174
1,1,0,1,0,0,0,0,0,0,1,0,0,0,0,0,73,108.418
1,1,0,1,0,0,0,0,0,0,0,1,0,0,0,0,73,113.17
1,1,0,0,0,1,0,0,0,0,0,1,0,0,0,0,73,114.068
1,1,0,0,0,1,0,0,0,1,0,0,0,0,0,0,73,118.97
1,1,0,0,1,0,0,0,0,1,0,0,0,0,0,0,73,117.706
1,1,1,0,0,0,0,0,0,1,0,0,0,0,0,0,73,117.852
1,1,0,1,0,0,0,0,0,1,0,0,0,0,0,0,73,118.006
1,1,0,0,0,1,0,0,1,0,0,0,0,0,0,0,73,121.492
1,1,0,0,1,0,0,0,1,0,0,0,0,0,0,0,73,120.35
1,1,0,0,1,0,0,1,0,0,0,0,0,0,0,0,73,120.972
1,1,0,0,0,1,0,1,0,0,0,0,0,0,0,0,73,122.004
1,1,1,0,0,0,0,0,1,0,0,0,0,0,0,0,73,120.396
1,1,0,1,0,0,0,0,1,0,0,0,0,0,0,0,73,120.422
1,1,0,0,0,1,1,0,0,0,0,0,0,0,0,0,73,122.78
1,1,1,0,0,0,0,1,0,0,0,0,0,0,0,0,73,120.86
1,1,0,0,1,0,1,0,0,0,0,0,0,0,0,0,73,121.574
1,1,0,1,0,0,0,1,0,0,0,0,0,0,0,0,73,121.008
1,1,1,0,0,0,1,0,0,0,0,0,0,0,0,0,73,121.592
1,1,0,1,0,0,1,0,0,0,0,0,0,0,0,0,73,121.76
0,0,0,0,1,0,0,0,0,0,0,0,0,0,0,1,75,8.976
0,0,1,0,0,0,0,0,0,0,0,0,0,0,0,1,75,9.024
0,0,0,1,0,0,0,0,0,0,0,0,0,0,0,1,75,9.102
0,0,0,0,0,1,0,0,0,0,0,0,0,0,0,1,75,9.742
0,0,0,0,1,0,0,0,0,0,0,0,0,0,1,0,75,13.028
0,0,1,0,0,0,0,0,0,0,0,0,0,0,1,0,75,13.094
0,0,0,1,0,0,0,0,0,0,0,0,0,0,1,0,75,13.138
0,0,0,0,0,1,0,0,0,0,0,0,0,0,1,0,75,13.808
0,0,1,0,0,0,0,0,0,0,0,0,0,1,0,0,75,17.284
0,0,0,0,1,0,0,0,0,0,0,0,0,1,0,0,75,17.26
0,0,0,1,0,0,0,0,0,0,0,0,0,1,0,0,75,17.39
0,0,0,0,0,1,0,0,0,0,0,0,0,1,0,0,75,18.046
0,0,0,0,1,0,0,0,0,0,0,0,1,0,0,0,75,22.654
0,0,1,0,0,0,0,0,0,0,0,0,1,0,0,0,75,22.68
0,0,0,1,0,0,0,0,0,0,0,0,1,0,0,0,75,22.8
0,0,0,0,0,1,0,0,0,0,0,0,1,0,0,0,75,23.4
0,0,1,0,0,0,0,0,0,0,0,1,0,0,0,0,75,30.19
0,0,0,0,0,1,0,0,0,0,0,1,0,0,0,0,75,30.934
0,0,0,1,0,0,0,0,0,0,0,1,0,0,0,0,75,30.236
0,0,0,0,1,0,0,0,0,0,0,1,0,0,0,0,75,30.204
0,0,0,0,0,1,0,0,0,0,1,0,0,0,0,0,75,37.196
0,0,0,0,1,0,0,0,0,0,1,0,0,0,0,0,75,36.43
0,0,1,0,0,0,0,0,0,0,1,0,0,0,0,0,75,36.454
0,0,0,1,0,0,0,0,0,0,1,0,0,0,0,0,75,36.534
0,0,0,0,1,0,0,0,0,1,0,0,0,0,0,0,75,44.464
0,0,0,0,0,1,0,0,0,1,0,0,0,0,0,0,75,45.144
0,0,1,0,0,0,0,0,0,1,0,0,0,0,0,0,75,44.398
0,0,0,0,0,1,0,0,1,0,0,0,0,0,0,0,75,45.712
0,0,0,0,1,0,0,0,1,0,0,0,0,0,0,0,75,44.928
0,0,0,1,0,0,0,0,0,1,0,0,0,0,0,0,75,44.49
0,0,0,0,0,1,0,1,0,0,0,0,0,0,0,0,75,46.288
0,0,0,0,1,0,0,1,0,0,0,0,0,0,0,0,75,45.536
0,0,1,0,0,0,0,0,1,0,0,0,0,0,0,0,75,45.15
0,0,0,1,0,0,0,0,1,0,0,0,0,0,0,0,75,45.086
0,0,1,0,0,0,0,1,0,0,0,0,0,0,0,0,75,45.558
0,0,0,0,1,0,1,0,0,0,0,0,0,0,0,0,75,46.348
0,0,0,1,0,0,0,1,0,0,0,0,0,0,0,0,75,45.58
0,0,0,1,0,0,1,0,0,0,0,0,0,0,0,0,75,46.474
0,0,1,0,0,0,1,0,0,0,0,0,0,0,0,0,75,46.434
0,0,0,0,0,1,1,0,0,0,0,0,0,0,0,0,75,47.126
0,1,0,0,1,0,0,0,0,0,0,0,0,0,0,1,75,8.97
0,1,1,0,0,0,0,0,0,0,0,0,0,0,0,1,75,9
0,1,0,1,0,0,0,0,0,0,0,0,0,0,0,1,75,9.234
0,1,0,0,0,1,0,0,0,0,0,0,0,0,0,1,75,9.742
0,1,1,0,0,0,0,0,0,0,0,0,0,0,1,0,75,13.112
0,1,0,0,1,0,0,0,0,0,0,0,0,0,1,0,75,13.04
0,1,0,1,0,0,0,0,0,0,0,0,0,0,1,0,75,13.154
0,1,0,0,0,1,0,0,0,0,0,0,0,0,1,0,75,13.866
0,1,1,0,0,0,0,0,0,0,0,0,0,1,0,0,75,17.324
0,1,0,0,1,0,0,0,0,0,0,0,0,1,0,0,75,17.246
0,1,0,1,0,0,0,0,0,0,0,0,0,1,0,0,75,17.392
0,1,0,0,0,1,0,0,0,0,0,0,0,1,0,0,75,18.046
0,1,0,0,1,0,0,0,0,0,0,0,1,0,0,0,75,22.65
0,1,1,0,0,0,0,0,0,0,0,0,1,0,0,0,75,22.728
0,1,0,1,0,0,0,0,0,0,0,0,1,0,0,0,75,22.776
0,1,0,0,0,1,0,0,0,0,0,0,1,0,0,0,75,23.46
0,1,1,0,0,0,0,0,0,0,0,1,0,0,0,0,75,30.244
0,1,0,0,0,1,0,0,0,0,0,1,0,0,0,0,75,30.9
0,1,0,1,0,0,0,0,0,0,0,1,0,0,0,0,75,30.238
0,1,0,0,1,0,0,0,0,0,0,1,0,0,0,0,75,30.168
0,1,0,0,0,1,0,0,0,0,1,0,0,0,0,0,75,37.114
0,1,1,0,0,0,0,0,0,0,1,0,0,0,0,0,75,36.406
0,1,0,0,1,0,0,0,0,0,1,0,0,0,0,0,75,36.384
0,1,0,1,0,0,0,0,0,0,1,0,0,0,0,0,75,36.538
0,1,0,0,1,0,0,0,0,1,0,0,0,0,0,0,75,44.364
0,1,0,0,0,1,0,0,0,1,0,0,0,0,0,0,75,45.142
0,1,1,0,0,0,0,0,0,1,0,0,0,0,0,0,75,44.436
0,1,0,0,0,1,0,0,1,0,0,0,0,0,0,0,75,45.746
0,1,0,1,0,0,0,0,0,1,0,0,0,0,0,0,75,44.506
0,1,0,0,1,0,0,0,1,0,0,0,0,0,0,0,75,44.976
0,1,0,0,0,1,0,1,0,0,0,0,0,0,0,0,75,46.178
0,1,0,0,1,0,0,1,0,0,0,0,0,0,0,0,75,45.56
0,1,1,0,0,0,0,0,1,0,0,0,0,0,0,0,75,45.088
0,1,0,1,0,0,0,0,1,0,0,0,0,0,0,0,75,45.07
0,1,1,0,0,0,0,1,0,0,0,0,0,0,0,0,75,45.576
0,1,0,0,1,0,1,0,0,0,0,0,0,0,0,0,75,46.446
0,1,0,1,0,0,0,1,0,0,0,0,0,0,0,0,75,45.67
0,1,0,1,0,0,1,0,0,0,0,0,0,0,0,0,75,46.442
0,1,1,0,0,0,1,0,0,0,0,0,0,0,0,0,75,46.434
0,1,0,0,0,1,1,0,0,0,0,0,0,0,0,0,75,47.158
1,0,0,0,1,0,0,0,0,0,0,0,0,0,0,1,75,63.734
1,0,0,1,0,0,0,0,0,0,0,0,0,0,0,1,75,63.936
1,0,1,0,0,0,0,0,0,0,0,0,0,0,0,1,75,63.882
1,0,0,0,0,1,0,0,0,0,0,0,0,0,0,1,75,64.324
1,0,1,0,0,0,0,0,0,0,0,0,0,0,1,0,75,74.206
1,0,0,0,0,1,0,0,0,0,0,0,0,0,1,0,75,74.964
1,0,0,0,1,0,0,0,0,0,0,0,1,0,0,0,75,77.808
1,0,1,0,0,0,0,0,0,0,0,0,1,0,0,0,75,77.918
1,0,0,1,0,0,0,0,0,0,0,0,1,0,0,0,75,77.918
1,0,1,0,0,0,0,0,0,0,0,0,0,1,0,0,75,78.8
1,0,0,0,1,0,0,0,0,0,0,0,0,1,0,0,75,78.842
1,0,0,1,0,0,0,0,0,0,0,0,0,1,0,0,75,78.846
1,0,0,0,0,1,0,0,0,0,0,0,1,0,0,0,75,78.826
1,0,0,0,0,1,0,0,0,0,0,0,0,1,0,0,75,79.542
1,0,0,0,0,1,0,0,0,0,1,0,0,0,0,0,75,81.142
1,0,1,0,0,0,0,0,0,0,1,0,0,0,0,0,75,80.358
1,0,0,0,1,0,0,0,0,0,1,0,0,0,0,0,75,80.614
1,0,0,1,0,0,0,0,0,0,1,0,0,0,0,0,75,80.678
1,0,1,0,0,0,0,0,0,0,0,1,0,0,0,0,75,83.408
1,0,0,1,0,0,0,0,0,0,0,1,0,0,0,0,75,83.296
1,0,0,0,0,1,0,0,0,0,0,1,0,0,0,0,75,83.406
1,0,0,0,1,0,0,0,0,0,0,1,0,0,0,0,75,82.726
1,0,0,0,1,0,0,0,0,1,0,0,0,0,0,0,75,87.054
1,0,0,0,0,1,0,0,0,1,0,0,0,0,0,0,75,87.674
1,0,1,0,0,0,0,0,0,1,0,0,0,0,0,0,75,87.178
1,0,0,1,0,0,0,0,0,1,0,0,0,0,0,0,75,87.306
1,0,0,0,0,1,0,0,1,0,0,0,0,0,0,0,75,90.88
1,0,0,0,1,0,0,1,0,0,0,0,0,0,0,0,75,91.158
1,0,0,0,1,0,0,0,1,0,0,0,0,0,0,0,75,90.176
1,0,1,0,0,0,0,0,1,0,0,0,0,0,0,0,75,90.156
1,0,0,0,0,1,0,1,0,0,0,0,0,0,0,0,75,91.792
1,0,0,1,0,0,0,0,1,0,0,0,0,0,0,0,75,90.316
1,0,0,0,0,1,1,0,0,0,0,0,0,0,0,0,75,92.772
1,0,1,0,0,0,0,1,0,0,0,0,0,0,0,0,75,91.12
1,0,0,0,1,0,1,0,0,0,0,0,0,0,0,0,75,92.058
1,0,0,1,0,0,0,1,0,0,0,0,0,0,0,0,75,91.306
1,0,1,0,0,0,1,0,0,0,0,0,0,0,0,0,75,92.07
1,0,0,1,0,0,1,0,0,0,0,0,0,0,0,0,75,92.222
1,1,0,1,0,0,0,0,0,0,0,0,0,0,0,1,75,63.86
1,1,1,0,0,0,0,0,0,0,0,0,0,0,0,1,75,63.73
1,1,0,0,1,0,0,0,0,0,0,0,0,0,0,1,75,63.778
1,1,0,0,0,1,0,0,0,0,0,0,0,0,0,1,75,64.342
1,1,0,0,1,0,0,0,0,0,0,0,0,0,1,0,75,74.202
1,1,1,0,0,0,0,0,0,0,0,0,0,0,1,0,75,74.19
1,1,0,1,0,0,0,0,0,0,0,0,0,0,1,0,75,74.28
1,1,0,0,0,1,0,0,0,0,0,0,0,0,1,0,75,74.938
1,1,1,0,0,0,0,0,0,0,0,0,1,0,0,0,75,77.984
1,1,0,1,0,0,0,0,0,0,0,0,1,0,0,0,75,77.99
1,1,0,0,1,0,0,0,0,0,0,0,1,0,0,0,75,77.994
1,1,1,0,0,0,0,0,0,0,0,0,0,1,0,0,75,78.836
1,1,0,1,0,0,0,0,0,0,0,0,0,1,0,0,75,78.98
1,1,0,0,0,1,0,0,0,0,0,0,1,0,0,0,75,78.64
1,1,0,0,1,0,0,0,0,0,0,0,0,1,0,0,75,78.712
1,1,1,0,0,0,0,0,0,0,1,0,0,0,0,0,75,80.39
1,1,0,0,1,0,0,0,0,0,1,0,0,0,0,0,75,80.442
1,1,0,1,0,0,0,0,0,0,1,0,0,0,0,0,75,80.578
1,1,0,1,0,0,0,0,0,0,0,1,0,0,0,0,75,82.94
1,1,0,0,0,1,0,0,0,0,0,1,0,0,0,0,75,83.452
1,1,0,0,0,1,0,0,0,1,0,0,0,0,0,0,75,87.862
1,1,0,0,1,0,0,0,0,1,0,0,0,0,0,0,75,87.14
1,1,1,0,0,0,0,0,0,1,0,0,0,0,0,0,75,87.124
1,1,0,1,0,0,0,0,0,1,0,0,0,0,0,0,75,87.244
1,1,0,0,0,1,0,0,1,0,0,0,0,0,0,0,75,90.842
1,1,0,0,1,0,0,0,1,0,0,0,0,0,0,0,75,90.052
1,1,0,0,1,0,0,1,0,0,0,0,0,0,0,0,75,91.034
1,1,0,0,0,1,0,1,0,0,0,0,0,0,0,0,75,91.884
1,1,1,0,0,0,0,0,1,0,0,0,0,0,0,0,75,91.076
1,1,0,1,0,0,0,0,1,0,0,0,0,0,0,0,75,90.36
1,1,0,0,0,1,1,0,0,0,0,0,0,0,0,0,75,92.842
1,1,1,0,0,0,0,1,0,0,0,0,0,0,0,0,75,91.264
1,1,0,0,1,0,1,0,0,0,0,0,0,0,0,0,75,92.098
1,1,0,1,0,0,0,1,0,0,0,0,0,0,0,0,75,91.338
1,1,1,0,0,0,1,0,0,0,0,0,0,0,0,0,75,92.15
1,1,0,1,0,0,1,0,0,0,0,0,0,0,0,0,75,92.122
0,0,0,0,1,0,0,0,0,0,0,0,0,0,0,1,77,9.218
0,0,1,0,0,0,0,0,0,0,0,0,0,0,0,1,77,9.21
0,0,0,1,0,0,0,0,0,0,0,0,0,0,0,1,77,9.248
0,0,0,0,0,1,0,0,0,0,0,0,0,0,0,1,77,9.96
0,0,0,0,1,0,0,0,0,0,0,0,0,0,1,0,77,12.642
0,0,1,0,0,0,0,0,0,0,0,0,0,0,1,0,77,12.72
0,0,0,1,0,0,0,0,0,0,0,0,0,0,1,0,77,12.738
0,0,0,0,0,1,0,0,0,0,0,0,0,0,1,0,77,13.46
0,0,1,0,0,0,0,0,0,0,0,0,0,1,0,0,77,16.516
0,0,0,0,1,0,0,0,0,0,0,0,0,1,0,0,77,16.468
0,0,0,1,0,0,0,0,0,0,0,0,0,1,0,0,77,16.582
0,0,0,0,0,1,0,0,0,0,0,0,0,1,0,0,77,17.294
0,0,0,0,1,0,0,0,0,0,0,0,1,0,0,0,77,21.352
0,0,1,0,0,0,0,0,0,0,0,0,1,0,0,0,77,21.39
0,0,0,1,0,0,0,0,0,0,0,0,1,0,0,0,77,21.46
0,0,0,0,0,1,0,0,0,0,0,0,1,0,0,0,77,22.192
0,0,1,0,0,0,0,0,0,0,0,1,0,0,0,0,77,29.708
0,0,0,0,0,1,0,0,0,0,0,1,0,0,0,0,77,30.482
0,0,0,1,0,0,0,0,0,0,0,1,0,0,0,0,77,29.746
0,0,0,0,1,0,0,0,0,0,0,1,0,0,0,0,77,29.616
0,0,0,0,0,1,0,0,0,0,1,0,0,0,0,0,77,36.736
0,0,0,0,1,0,0,0,0,0,1,0,0,0,0,0,77,35.96
0,0,1,0,0,0,0,0,0,0,1,0,0,0,0,0,77,36.014
0,0,0,1,0,0,0,0,0,0,1,0,0,0,0,0,77,36.07
0,0,0,0,1,0,0,0,0,1,0,0,0,0,0,0,77,44.288
0,0,0,0,0,1,0,0,0,1,0,0,0,0,0,0,77,45.004
0,0,1,0,0,0,0,0,0,1,0,0,0,0,0,0,77,44.224
0,0,0,0,0,1,0,0,1,0,0,0,0,0,0,0,77,45.382
0,0,0,0,1,0,0,0,1,0,0,0,0,0,0,0,77,44.624
0,0,0,1,0,0,0,0,0,1,0,0,0,0,0,0,77,44.264
0,0,0,0,0,1,0,1,0,0,0,0,0,0,0,0,77,46.054
0,0,0,0,1,0,0,1,0,0,0,0,0,0,0,0,77,45.26
0,0,1,0,0,0,0,0,1,0,0,0,0,0,0,0,77,44.606
0,0,0,1,0,0,0,0,1,0,0,0,0,0,0,0,77,44.752
0,0,1,0,0,0,0,1,0,0,0,0,0,0,0,0,77,45.328
0,0,0,0,1,0,1,0,0,0,0,0,0,0,0,0,77,46.168
0,0,0,1,0,0,0,1,0,0,0,0,0,0,0,0,77,45.318
0,0,0,1,0,0,1,0,0,0,0,0,0,0,0,0,77,46.694
0,0,1,0,0,0,1,0,0,0,0,0,0,0,0,0,77,46.106
0,0,0,0,0,1,1,0,0,0,0,0,0,0,0,0,77,46.904
0,1,0,0,1,0,0,0,0,0,0,0,0,0,0,1,77,9.162
0,1,1,0,0,0,0,0,0,0,0,0,0,0,0,1,77,9.268
0,1,0,1,0,0,0,0,0,0,0,0,0,0,0,1,77,9.228
0,1,0,0,0,1,0,0,0,0,0,0,0,0,0,1,77,9.968
0,1,1,0,0,0,0,0,0,0,0,0,0,0,1,0,77,12.688
0,1,0,0,1,0,0,0,0,0,0,0,0,0,1,0,77,12.658
0,1,0,1,0,0,0,0,0,0,0,0,0,0,1,0,77,12.75
0,1,0,0,0,1,0,0,0,0,0,0,0,0,1,0,77,13.5
0,1,1,0,0,0,0,0,0,0,0,0,0,1,0,0,77,16.484
0,1,0,0,1,0,0,0,0,0,0,0,0,1,0,0,77,16.436
0,1,0,1,0,0,0,0,0,0,0,0,0,1,0,0,77,16.546
0,1,0,0,0,1,0,0,0,0,0,0,0,1,0,0,77,17.27
0,1,0,0,1,0,0,0,0,0,0,0,1,0,0,0,77,21.358
0,1,1,0,0,0,0,0,0,0,0,0,1,0,0,0,77,21.402
0,1,0,1,0,0,0,0,0,0,0,0,1,0,0,0,77,21.514
0,1,0,0,0,1,0,0,0,0,0,0,1,0,0,0,77,22.188
0,1,1,0,0,0,0,0,0,0,0,1,0,0,0,0,77,29.674
0,1,0,0,0,1,0,0,0,0,0,1,0,0,0,0,77,30.462
0,1,0,1,0,0,0,0,0,0,0,1,0,0,0,0,77,29.768
0,1,0,0,1,0,0,0,0,0,0,1,0,0,0,0,77,29.584
0,1,0,0,0,1,0,0,0,0,1,0,0,0,0,0,77,36.728
0,1,1,0,0,0,0,0,0,0,1,0,0,0,0,0,77,35.964
0,1,0,0,1,0,0,0,0,0,1,0,0,0,0,0,77,35.956
0,1,0,1,0,0,0,0,0,0,1,0,0,0,0,0,77,36.036
0,1,0,0,1,0,0,0,0,1,0,0,0,0,0,0,77,44.158
0,1,0,0,0,1,0,0,0,1,0,0,0,0,0,0,77,45.004
0,1,1,0,0,0,0,0,0,1,0,0,0,0,0,0,77,44.188
0,1,0,0,0,1,0,0,1,0,0,0,0,0,0,0,77,45.542
0,1,0,1,0,0,0,0,0,1,0,0,0,0,0,0,77,44.22
0,1,0,0,1,0,0,0,1,0,0,0,0,0,0,0,77,44.6
0,1,0,0,0,1,0,1,0,0,0,0,0,0,0,0,77,46.37
0,1,0,0,1,0,0,1,0,0,0,0,0,0,0,0,77,45.236
0,1,1,0,0,0,0,0,1,0,0,0,0,0,0,0,77,44.656
0,1,0,1,0,0,0,0,1,0,0,0,0,0,0,0,77,44.716
0,1,1,0,0,0,0,1,0,0,0,0,0,0,0,0,77,45.366
0,1,0,0,1,0,1,0,0,0,0,0,0,0,0,0,77,46.066
0,1,0,1,0,0,0,1,0,0,0,0,0,0,0,0,77,45.438
0,1,0,1,0,0,1,0,0,0,0,0,0,0,0,0,77,46.212
0,1,1,0,0,0,1,0,0,0,0,0,0,0,0,0,77,46.106
0,1,0,0,0,1,1,0,0,0,0,0,0,0,0,0,77,46.924
1,0,0,0,1,0,0,0,0,0,0,0,0,0,0,1,77,66.424
1,0,0,1,0,0,0,0,0,0,0,0,0,0,0,1,77,66.466
1,0,1,0,0,0,0,0,0,0,0,0,0,0,0,1,77,66.608
1,0,0,0,0,1,0,0,0,0,0,0,0,0,0,1,77,67.336
1,0,1,0,0,0,0,0,0,0,0,0,0,0,1,0,77,76.472
1,0,0,0,0,1,0,0,0,0,0,0,0,0,1,0,77,77.288
1,0,0,0,1,0,0,0,0,0,0,0,1,0,0,0,77,79.64
1,0,1,0,0,0,0,0,0,0,0,0,1,0,0,0,77,79.39
1,0,0,1,0,0,0,0,0,0,0,0,1,0,0,0,77,79.48
1,0,1,0,0,0,0,0,0,0,0,0,0,1,0,0,77,80.754
1,0,0,0,1,0,0,0,0,0,0,0,0,1,0,0,77,80.944
1,0,0,1,0,0,0,0,0,0,0,0,0,1,0,0,77,80.668
1,0,0,0,0,1,0,0,0,0,0,0,1,0,0,0,77,80.946
1,0,0,0,0,1,0,0,0,0,0,0,0,1,0,0,77,81.444
1,0,0,0,0,1,0,0,0,0,1,0,0,0,0,0,77,82.724
1,0,1,0,0,0,0,0,0,0,1,0,0,0,0,0,77,81.884
1,0,0,0,1,0,0,0,0,0,1,0,0,0,0,0,77,81.72
1,0,0,1,0,0,0,0,0,0,1,0,0,0,0,0,77,81.954
1,0,1,0,0,0,0,0,0,0,0,1,0,0,0,0,77,84.296
1,0,0,1,0,0,0,0,0,0,0,1,0,0,0,0,77,84.388
1,0,0,0,0,1,0,0,0,0,0,1,0,0,0,0,77,85.164
1,0,0,0,1,0,0,0,0,0,0,1,0,0,0,0,77,84.248
1,0,0,0,1,0,0,0,0,1,0,0,0,0,0,0,77,88.63
1,0,0,0,0,1,0,0,0,1,0,0,0,0,0,0,77,89.434
1,0,1,0,0,0,0,0,0,1,0,0,0,0,0,0,77,88.722
1,0,0,1,0,0,0,0,0,1,0,0,0,0,0,0,77,88.664
1,0,0,0,0,1,0,0,1,0,0,0,0,0,0,0,77,92.322
1,0,0,0,1,0,0,1,0,0,0,0,0,0,0,0,77,92.284
1,0,0,0,1,0,0,0,1,0,0,0,0,0,0,0,77,91.426
1,0,1,0,0,0,0,0,1,0,0,0,0,0,0,0,77,91.428
1,0,0,0,0,1,0,1,0,0,0,0,0,0,0,0,77,93.49
1,0,0,1,0,0,0,0,1,0,0,0,0,0,0,0,77,91.382
1,0,0,0,0,1,1,0,0,0,0,0,0,0,0,0,77,94.21
1,0,1,0,0,0,0,1,0,0,0,0,0,0,0,0,77,93.224
1,0,0,0,1,0,1,0,0,0,0,0,0,0,0,0,77,93.326
1,0,0,1,0,0,0,1,0,0,0,0,0,0,0,0,77,92.56
1,0,1,0,0,0,1,0,0,0,0,0,0,0,0,0,77,93.456
1,0,0,1,0,0,1,0,0,0,0,0,0,0,0,0,77,93.514
1,1,0,1,0,0,0,0,0,0,0,0,0,0,0,1,77,66.608
1,1,1,0,0,0,0,0,0,0,0,0,0,0,0,1,77,66.626
1,1,0,0,1,0,0,0,0,0,0,0,0,0,0,1,77,66.494
1,1,0,0,0,1,0,0,0,0,0,0,0,0,0,1,77,67.304
1,1,0,0,1,0,0,0,0,0,0,0,0,0,1,0,77,76.348
1,1,1,0,0,0,0,0,0,0,0,0,0,0,1,0,77,76.426
1,1,0,1,0,0,0,0,0,0,0,0,0,0,1,0,77,76.432
1,1,0,0,0,1,0,0,0,0,0,0,0,0,1,0,77,77.222
1,1,1,0,0,0,0,0,0,0,0,0,1,0,0,0,77,79.536
1,1,0,1,0,0,0,0,0,0,0,0,1,0,0,0,77,79.496
1,1,0,0,1,0,0,0,0,0,0,0,1,0,0,0,77,79.39
1,1,1,0,0,0,0,0,0,0,0,0,0,1,0,0,77,80.774
1,1,0,1,0,0,0,0,0,0,0,0,0,1,0,0,77,80.71
1,1,0,0,0,1,0,0,0,0,0,0,1,0,0,0,77,80.344
1,1,0,0,1,0,0,0,0,0,0,0,0,1,0,0,77,80.682
1,1,1,0,0,0,0,0,0,0,1,0,0,0,0,0,77,81.922
1,1,0,0,1,0,0,0,0,0,1,0,0,0,0,0,77,81.906
1,1,0,1,0,0,0,0,0,0,1,0,0,0,0,0,77,81.926
1,1,0,1,0,0,0,0,0,0,0,1,0,0,0,0,77,84.578
1,1,0,0,0,1,0,0,0,0,0,1,0,0,0,0,77,85.384
1,1,0,0,0,1,0,0,0,1,0,0,0,0,0,0,77,89.46
1,1,0,0,1,0,0,0,0,1,0,0,0,0,0,0,77,88.634
1,1,1,0,0,0,0,0,0,1,0,0,0,0,0,0,77,88.556
1,1,0,1,0,0,0,0,0,1,0,0,0,0,0,0,77,88.798
1,1,0,0,0,1,0,0,1,0,0,0,0,0,0,0,77,92.18
1,1,0,0,1,0,0,0,1,0,0,0,0,0,0,0,77,91.332
1,1,0,0,1,0,0,1,0,0,0,0,0,0,0,0,77,92.198
1,1,0,0,0,1,0,1,0,0,0,0,0,0,0,0,77,93.306
1,1,1,0,0,0,0,0,1,0,0,0,0,0,0,0,77,91.384
1,1,0,1,0,0,0,0,1,0,0,0,0,0,0,0,77,91.542
1,1,0,0,0,1,1,0,0,0,0,0,0,0,0,0,77,94.128
1,1,1,0,0,0,0,1,0,0,0,0,0,0,0,0,77,92.442
1,1,0,0,1,0,1,0,0,0,0,0,0,0,0,0,77,93.14
1,1,0,1,0,0,0,1,0,0,0,0,0,0,0,0,77,92.504
1,1,1,0,0,0,1,0,0,0,0,0,0,0,0,0,77,93.36
1,1,0,1,0,0,1,0,0,0,0,0,0,0,0,0,77,93.362
0,0,0,0,1,0,0,0,0,0,0,0,0,0,0,1,78,20.47
0,0,1,0,0,0,0,0,0,0,0,0,0,0,0,1,78,21.832
0,0,0,1,0,0,0,0,0,0,0,0,0,0,0,1,78,20.756
0,0,0,0,0,1,0,0,0,0,0,0,0,0,0,1,78,23.032
0,0,0,0,1,0,0,0,0,0,0,0,0,0,1,0,78,26.338
0,0,1,0,0,0,0,0,0,0,0,0,0,0,1,0,78,26.614
0,0,0,1,0,0,0,0,0,0,0,0,0,0,1,0,78,26.72
0,0,0,0,0,1,0,0,0,0,0,0,0,0,1,0,78,28.344
0,0,1,0,0,0,0,0,0,0,0,0,0,1,0,0,78,34.89
0,0,0,0,1,0,0,0,0,0,0,0,0,1,0,0,78,34.472
0,0,0,1,0,0,0,0,0,0,0,0,0,1,0,0,78,35.124
0,0,0,0,0,1,0,0,0,0,0,0,0,1,0,0,78,36.318
0,0,0,0,1,0,0,0,0,0,0,0,1,0,0,0,78,45.816
0,0,1,0,0,0,0,0,0,0,0,0,1,0,0,0,78,46.084
0,0,0,1,0,0,0,0,0,0,0,0,1,0,0,0,78,46.402
0,0,0,0,0,1,0,0,0,0,0,0,1,0,0,0,78,47.446
0,0,1,0,0,0,0,0,0,0,0,1,0,0,0,0,78,59.692
0,0,0,0,0,1,0,0,0,0,0,1,0,0,0,0,78,59.924
0,0,0,1,0,0,0,0,0,0,0,1,0,0,0,0,78,58.88
0,0,0,0,1,0,0,0,0,0,0,1,0,0,0,0,78,59.724
0,0,0,0,0,1,0,0,0,0,1,0,0,0,0,0,78,73.942
0,0,0,0,1,0,0,0,0,0,1,0,0,0,0,0,78,72.17
0,0,1,0,0,0,0,0,0,0,1,0,0,0,0,0,78,72.052
0,0,0,1,0,0,0,0,0,0,1,0,0,0,0,0,78,71.824
0,0,0,0,1,0,0,0,0,1,0,0,0,0,0,0,78,91.196
0,0,0,0,0,1,0,0,0,1,0,0,0,0,0,0,78,93.456
0,0,1,0,0,0,0,0,0,1,0,0,0,0,0,0,78,90.796
0,0,0,0,0,1,0,0,1,0,0,0,0,0,0,0,78,95.348
0,0,0,0,1,0,0,0,1,0,0,0,0,0,0,0,78,93.062
0,0,0,1,0,0,0,0,0,1,0,0,0,0,0,0,78,90.248
0,0,0,0,0,1,0,1,0,0,0,0,0,0,0,0,78,96.488
0,0,0,0,1,0,0,1,0,0,0,0,0,0,0,0,78,94.606
0,0,1,0,0,0,0,0,1,0,0,0,0,0,0,0,78,94.3
0,0,0,1,0,0,0,0,1,0,0,0,0,0,0,0,78,93.564
0,0,1,0,0,0,0,1,0,0,0,0,0,0,0,0,78,95.918
0,0,0,0,1,0,1,0,0,0,0,0,0,0,0,0,78,97.476
0,0,0,1,0,0,0,1,0,0,0,0,0,0,0,0,78,94.768
0,0,0,1,0,0,1,0,0,0,0,0,0,0,0,0,78,98.624
0,0,1,0,0,0,1,0,0,0,0,0,0,0,0,0,78,95.986
0,0,0,0,0,1,1,0,0,0,0,0,0,0,0,0,78,97.984
0,1,0,0,1,0,0,0,0,0,0,0,0,0,0,1,78,22.796
0,1,1,0,0,0,0,0,0,0,0,0,0,0,0,1,78,20.95
0,1,0,1,0,0,0,0,0,0,0,0,0,0,0,1,78,20.688
0,1,0,0,0,1,0,0,0,0,0,0,0,0,0,1,78,22.298
0,1,1,0,0,0,0,0,0,0,0,0,0,0,1,0,78,26.48
0,1,0,0,1,0,0,0,0,0,0,0,0,0,1,0,78,26.384
0,1,0,1,0,0,0,0,0,0,0,0,0,0,1,0,78,26.952
0,1,0,0,0,1,0,0,0,0,0,0,0,0,1,0,78,28.18
0,1,1,0,0,0,0,0,0,0,0,0,0,1,0,0,78,34.834
0,1,0,0,1,0,0,0,0,0,0,0,0,1,0,0,78,34.33
0,1,0,1,0,0,0,0,0,0,0,0,0,1,0,0,78,35.018
0,1,0,0,0,1,0,0,0,0,0,0,0,1,0,0,78,36.314
0,1,0,0,1,0,0,0,0,0,0,0,1,0,0,0,78,45.764
0,1,1,0,0,0,0,0,0,0,0,0,1,0,0,0,78,46.366
0,1,0,1,0,0,0,0,0,0,0,0,1,0,0,0,78,48.054
0,1,0,0,0,1,0,0,0,0,0,0,1,0,0,0,78,47.596
0,1,1,0,0,0,0,0,0,0,0,1,0,0,0,0,78,58.558
0,1,0,0,0,1,0,0,0,0,0,1,0,0,0,0,78,59.674
0,1,0,1,0,0,0,0,0,0,0,1,0,0,0,0,78,58.774
0,1,0,0,1,0,0,0,0,0,0,1,0,0,0,0,78,58.25
0,1,0,0,0,1,0,0,0,0,1,0,0,0,0,0,78,73.602
0,1,1,0,0,0,0,0,0,0,1,0,0,0,0,0,78,72.126
0,1,0,0,1,0,0,0,0,0,1,0,0,0,0,0,78,72.156
0,1,0,1,0,0,0,0,0,0,1,0,0,0,0,0,78,72.008
0,1,0,0,1,0,0,0,0,1,0,0,0,0,0,0,78,90.474
0,1,0,0,0,1,0,0,0,1,0,0,0,0,0,0,78,93.452
0,1,1,0,0,0,0,0,0,1,0,0,0,0,0,0,78,90.6
0,1,0,0,0,1,0,0,1,0,0,0,0,0,0,0,78,94.492
0,1,0,1,0,0,0,0,0,1,0,0,0,0,0,0,78,90.722
0,1,0,0,1,0,0,0,1,0,0,0,0,0,0,0,78,92.932
0,1,0,0,0,1,0,1,0,0,0,0,0,0,0,0,78,96.444
0,1,0,0,1,0,0,1,0,0,0,0,0,0,0,0,78,94.858
0,1,1,0,0,0,0,0,1,0,0,0,0,0,0,0,78,93.668
0,1,0,1,0,0,0,0,1,0,0,0,0,0,0,0,78,92.81
0,1,1,0,0,0,0,1,0,0,0,0,0,0,0,0,78,95.32
0,1,0,0,1,0,1,0,0,0,0,0,0,0,0,0,78,96.586
0,1,0,1,0,0,0,1,0,0,0,0,0,0,0,0,78,94.87
0,1,0,1,0,0,1,0,0,0,0,0,0,0,0,0,78,96.684
0,1,1,0,0,0,1,0,0,0,0,0,0,0,0,0,78,96.27
0,1,0,0,0,1,1,0,0,0,0,0,0,0,0,0,78,97.986
1,0,0,0,1,0,0,0,0,0,0,0,0,0,0,1,78,132.242
1,0,0,1,0,0,0,0,0,0,0,0,0,0,0,1,78,132.82
1,0,1,0,0,0,0,0,0,0,0,0,0,0,0,1,78,134.086
1,0,0,0,0,1,0,0,0,0,0,0,0,0,0,1,78,134.716
1,0,1,0,0,0,0,0,0,0,0,0,0,0,1,0,78,153.522
1,0,0,0,0,1,0,0,0,0,0,0,0,0,1,0,78,154.368
1,0,0,0,1,0,0,0,0,0,0,0,1,0,0,0,78,160.168
1,0,1,0,0,0,0,0,0,0,0,0,1,0,0,0,78,165.26
1,0,0,1,0,0,0,0,0,0,0,0,1,0,0,0,78,160.688
1,0,1,0,0,0,0,0,0,0,0,0,0,1,0,0,78,162.438
1,0,0,0,1,0,0,0,0,0,0,0,0,1,0,0,78,162.676
1,0,0,1,0,0,0,0,0,0,0,0,0,1,0,0,78,163.38
1,0,0,0,0,1,0,0,0,0,0,0,1,0,0,0,78,161.778
1,0,0,0,0,1,0,0,0,0,0,0,0,1,0,0,78,164.136
1,0,0,0,0,1,0,0,0,0,1,0,0,0,0,0,78,169.356
1,0,1,0,0,0,0,0,0,0,1,0,0,0,0,0,78,168.178
1,0,0,0,1,0,0,0,0,0,1,0,0,0,0,0,78,168.884
1,0,0,1,0,0,0,0,0,0,1,0,0,0,0,0,78,169.4
1,0,1,0,0,0,0,0,0,0,0,1,0,0,0,0,78,173.2
1,0,0,1,0,0,0,0,0,0,0,1,0,0,0,0,78,173.708
1,0,0,0,0,1,0,0,0,0,0,1,0,0,0,0,78,174.274
1,0,0,0,1,0,0,0,0,0,0,1,0,0,0,0,78,172.83
1,0,0,0,1,0,0,0,0,1,0,0,0,0,0,0,78,186.55
1,0,0,0,0,1,0,0,0,1,0,0,0,0,0,0,78,187.702
1,0,1,0,0,0,0,0,0,1,0,0,0,0,0,0,78,186.378
1,0,0,1,0,0,0,0,0,1,0,0,0,0,0,0,78,185.826
1,0,0,0,0,1,0,0,1,0,0,0,0,0,0,0,78,195.62
1,0,0,0,1,0,0,1,0,0,0,0,0,0,0,0,78,195.62
1,0,0,0,1,0,0,0,1,0,0,0,0,0,0,0,78,194.248
1,0,1,0,0,0,0,0,1,0,0,0,0,0,0,0,78,194.038
1,0,0,0,0,1,0,1,0,0,0,0,0,0,0,0,78,198.808
1,0,0,1,0,0,0,0,1,0,0,0,0,0,0,0,78,193.678
1,0,0,0,0,1,1,0,0,0,0,0,0,0,0,0,78,199.29
1,0,1,0,0,0,0,1,0,0,0,0,0,0,0,0,78,196.388
1,0,0,0,1,0,1,0,0,0,0,0,0,0,0,0,78,197.52
1,0,0,1,0,0,0,1,0,0,0,0,0,0,0,0,78,196.172
1,0,1,0,0,0,1,0,0,0,0,0,0,0,0,0,78,197.662
1,0,0,1,0,0,1,0,0,0,0,0,0,0,0,0,78,197.562
1,1,0,1,0,0,0,0,0,0,0,0,0,0,0,1,78,133.834
1,1,1,0,0,0,0,0,0,0,0,0,0,0,0,1,78,133.096
1,1,0,0,1,0,0,0,0,0,0,0,0,0,0,1,78,132.672
1,1,0,0,0,1,0,0,0,0,0,0,0,0,0,1,78,134.414
1,1,0,0,1,0,0,0,0,0,0,0,0,0,1,0,78,156.612
1,1,1,0,0,0,0,0,0,0,0,0,0,0,1,0,78,153.032
1,1,0,1,0,0,0,0,0,0,0,0,0,0,1,0,78,153.17
1,1,0,0,0,1,0,0,0,0,0,0,0,0,1,0,78,154.442
1,1,1,0,0,0,0,0,0,0,0,0,1,0,0,0,78,160.758
1,1,0,1,0,0,0,0,0,0,0,0,1,0,0,0,78,160.9
1,1,0,0,1,0,0,0,0,0,0,0,1,0,0,0,78,160.188
1,1,1,0,0,0,0,0,0,0,0,0,0,1,0,0,78,172.272
1,1,0,1,0,0,0,0,0,0,0,0,0,1,0,0,78,162.904
1,1,0,0,0,1,0,0,0,0,0,0,1,0,0,0,78,161.786
1,1,0,0,1,0,0,0,0,0,0,0,0,1,0,0,78,162.986
1,1,1,0,0,0,0,0,0,0,1,0,0,0,0,0,78,169.71
1,1,0,0,1,0,0,0,0,0,1,0,0,0,0,0,78,168.25
1,1,0,1,0,0,0,0,0,0,1,0,0,0,0,0,78,167.91
1,1,0,1,0,0,0,0,0,0,0,1,0,0,0,0,78,174.438
1,1,0,0,0,1,0,0,0,0,0,1,0,0,0,0,78,174.798
1,1,0,0,0,1,0,0,0,1,0,0,0,0,0,0,78,187.596
1,1,0,0,1,0,0,0,0,1,0,0,0,0,0,0,78,186.518
1,1,1,0,0,0,0,0,0,1,0,0,0,0,0,0,78,186.498
1,1,0,1,0,0,0,0,0,1,0,0,0,0,0,0,78,186.106
1,1,0,0,0,1,0,0,1,0,0,0,0,0,0,0,78,196.05
1,1,0,0,1,0,0,0,1,0,0,0,0,0,0,0,78,194.212
1,1,0,0,1,0,0,1,0,0,0,0,0,0,0,0,78,195.52
1,1,0,0,0,1,0,1,0,0,0,0,0,0,0,0,78,199.606
1,1,1,0,0,0,0,0,1,0,0,0,0,0,0,0,78,198.076
1,1,0,1,0,0,0,0,1,0,0,0,0,0,0,0,78,193.356
1,1,0,0,0,1,1,0,0,0,0,0,0,0,0,0,78,198.666
1,1,1,0,0,0,0,1,0,0,0,0,0,0,0,0,78,196.228
1,1,0,0,1,0,1,0,0,0,0,0,0,0,0,0,78,197.206
1,1,0,1,0,0,0,1,0,0,0,0,0,0,0,0,78,195.126
1,1,1,0,0,0,1,0,0,0,0,0,0,0,0,0,78,198.36
1,1,0,1,0,0,1,0,0,0,0,0,0,0,0,0,78,198.328
0,0,0,0,1,0,0,0,0,0,0,0,0,0,0,1,79,2.87
0,0,1,0,0,0,0,0,0,0,0,0,0,0,0,1,79,2.902
0,0,0,1,0,0,0,0,0,0,0,0,0,0,0,1,79,2.932
0,0,0,0,0,1,0,0,0,0,0,0,0,0,0,1,79,3.23
0,0,0,0,1,0,0,0,0,0,0,0,0,0,1,0,79,3.586
0,0,1,0,0,0,0,0,0,0,0,0,0,0,1,0,79,3.618
0,0,0,1,0,0,0,0,0,0,0,0,0,0,1,0,79,3.654
0,0,0,0,0,1,0,0,0,0,0,0,0,0,1,0,79,3.942
0,0,1,0,0,0,0,0,0,0,0,0,0,1,0,0,79,4.932
0,0,0,0,1,0,0,0,0,0,0,0,0,1,0,0,79,4.888
0,0,0,1,0,0,0,0,0,0,0,0,0,1,0,0,79,4.958
0,0,0,0,0,1,0,0,0,0,0,0,0,1,0,0,79,5.25
0,0,0,0,1,0,0,0,0,0,0,0,1,0,0,0,79,6.358
0,0,1,0,0,0,0,0,0,0,0,0,1,0,0,0,79,6.39
0,0,0,1,0,0,0,0,0,0,0,0,1,0,0,0,79,6.416
0,0,0,0,0,1,0,0,0,0,0,0,1,0,0,0,79,6.716
0,0,1,0,0,0,0,0,0,0,0,1,0,0,0,0,79,10.378
0,0,0,0,0,1,0,0,0,0,0,1,0,0,0,0,79,10.704
0,0,0,1,0,0,0,0,0,0,0,1,0,0,0,0,79,10.41
0,0,0,0,1,0,0,0,0,0,0,1,0,0,0,0,79,10.336
0,0,0,0,0,1,0,0,0,0,1,0,0,0,0,0,79,13.582
0,0,0,0,1,0,0,0,0,0,1,0,0,0,0,0,79,13.184
0,0,1,0,0,0,0,0,0,0,1,0,0,0,0,0,79,13.268
0,0,0,1,0,0,0,0,0,0,1,0,0,0,0,0,79,13.256
0,0,0,0,1,0,0,0,0,1,0,0,0,0,0,0,79,16.644
0,0,0,0,0,1,0,0,0,1,0,0,0,0,0,0,79,17.014
0,0,1,0,0,0,0,0,0,1,0,0,0,0,0,0,79,16.706
0,0,0,0,0,1,0,0,1,0,0,0,0,0,0,0,79,17.192
0,0,0,0,1,0,0,0,1,0,0,0,0,0,0,0,79,16.85
0,0,0,1,0,0,0,0,0,1,0,0,0,0,0,0,79,16.688
0,0,0,0,0,1,0,1,0,0,0,0,0,0,0,0,79,17.264
0,0,0,0,1,0,0,1,0,0,0,0,0,0,0,0,79,16.892
0,0,1,0,0,0,0,0,1,0,0,0,0,0,0,0,79,16.884
0,0,0,1,0,0,0,0,1,0,0,0,0,0,0,0,79,16.918
0,0,1,0,0,0,0,1,0,0,0,0,0,0,0,0,79,16.89
0,0,0,0,1,0,1,0,0,0,0,0,0,0,0,0,79,17.122
0,0,0,1,0,0,0,1,0,0,0,0,0,0,0,0,79,16.954
0,0,0,1,0,0,1,0,0,0,0,0,0,0,0,0,79,17.194
0,0,1,0,0,0,1,0,0,0,0,0,0,0,0,0,79,17.136
0,0,0,0,0,1,1,0,0,0,0,0,0,0,0,0,79,17.49
0,1,0,0,1,0,0,0,0,0,0,0,0,0,0,1,79,2.874
0,1,1,0,0,0,0,0,0,0,0,0,0,0,0,1,79,2.904
0,1,0,1,0,0,0,0,0,0,0,0,0,0,0,1,79,2.93
0,1,0,0,0,1,0,0,0,0,0,0,0,0,0,1,79,3.232
0,1,1,0,0,0,0,0,0,0,0,0,0,0,1,0,79,3.63
0,1,0,0,1,0,0,0,0,0,0,0,0,0,1,0,79,3.58
0,1,0,1,0,0,0,0,0,0,0,0,0,0,1,0,79,3.654
0,1,0,0,0,1,0,0,0,0,0,0,0,0,1,0,79,3.93
0,1,1,0,0,0,0,0,0,0,0,0,0,1,0,0,79,4.952
0,1,0,0,1,0,0,0,0,0,0,0,0,1,0,0,79,4.9
0,1,0,1,0,0,0,0,0,0,0,0,0,1,0,0,79,4.974
0,1,0,0,0,1,0,0,0,0,0,0,0,1,0,0,79,5.248
0,1,0,0,1,0,0,0,0,0,0,0,1,0,0,0,79,6.35
0,1,1,0,0,0,0,0,0,0,0,0,1,0,0,0,79,6.412
0,1,0,1,0,0,0,0,0,0,0,0,1,0,0,0,79,6.452
0,1,0,0,0,1,0,0,0,0,0,0,1,0,0,0,79,6.706
0,1,1,0,0,0,0,0,0,0,0,1,0,0,0,0,79,10.38
0,1,0,0,0,1,0,0,0,0,0,1,0,0,0,0,79,10.694
0,1,0,1,0,0,0,0,0,0,0,1,0,0,0,0,79,10.426
0,1,0,0,1,0,0,0,0,0,0,1,0,0,0,0,79,10.336
0,1,0,0,0,1,0,0,0,0,1,0,0,0,0,0,79,13.58
0,1,1,0,0,0,0,0,0,0,1,0,0,0,0,0,79,13.244
0,1,0,0,1,0,0,0,0,0,1,0,0,0,0,0,79,13.212
0,1,0,1,0,0,0,0,0,0,1,0,0,0,0,0,79,13.266
0,1,0,0,1,0,0,0,0,1,0,0,0,0,0,0,79,16.664
0,1,0,0,0,1,0,0,0,1,0,0,0,0,0,0,79,17.008
0,1,1,0,0,0,0,0,0,1,0,0,0,0,0,0,79,16.682
0,1,0,0,0,1,0,0,1,0,0,0,0,0,0,0,79,17.214
0,1,0,1,0,0,0,0,0,1,0,0,0,0,0,0,79,16.716
0,1,0,0,1,0,0,0,1,0,0,0,0,0,0,0,79,16.824
0,1,0,0,0,1,0,1,0,0,0,0,0,0,0,0,79,17.264
0,1,0,0,1,0,0,1,0,0,0,0,0,0,0,0,79,16.872
0,1,1,0,0,0,0,0,1,0,0,0,0,0,0,0,79,16.904
0,1,0,1,0,0,0,0,1,0,0,0,0,0,0,0,79,16.884
0,1,1,0,0,0,0,1,0,0,0,0,0,0,0,0,79,16.942
0,1,0,0,1,0,1,0,0,0,0,0,0,0,0,0,79,17.132
0,1,0,1,0,0,0,1,0,0,0,0,0,0,0,0,79,16.97
0,1,0,1,0,0,1,0,0,0,0,0,0,0,0,0,79,17.174
0,1,1,0,0,0,1,0,0,0,0,0,0,0,0,0,79,17.178
0,1,0,0,0,1,1,0,0,0,0,0,0,0,0,0,79,17.484
1,0,0,0,1,0,0,0,0,0,0,0,0,0,0,1,79,25.874
1,0,0,1,0,0,0,0,0,0,0,0,0,0,0,1,79,25.93
1,0,1,0,0,0,0,0,0,0,0,0,0,0,0,1,79,25.898
1,0,0,0,0,1,0,0,0,0,0,0,0,0,0,1,79,26.194
1,0,1,0,0,0,0,0,0,0,0,0,0,0,1,0,79,29.274
1,0,0,0,0,1,0,0,0,0,0,0,0,0,1,0,79,29.602
1,0,0,0,1,0,0,0,0,0,0,0,1,0,0,0,79,30.526
1,0,1,0,0,0,0,0,0,0,0,0,1,0,0,0,79,30.584
1,0,0,1,0,0,0,0,0,0,0,0,1,0,0,0,79,30.59
1,0,1,0,0,0,0,0,0,0,0,0,0,1,0,0,79,31.108
1,0,0,0,1,0,0,0,0,0,0,0,0,1,0,0,79,31.062
1,0,0,1,0,0,0,0,0,0,0,0,0,1,0,0,79,31.122
1,0,0,0,0,1,0,0,0,0,0,0,1,0,0,0,79,30.88
1,0,0,0,0,1,0,0,0,0,0,0,0,1,0,0,79,31.404
1,0,0,0,0,1,0,0,0,0,1,0,0,0,0,0,79,31.738
1,0,1,0,0,0,0,0,0,0,1,0,0,0,0,0,79,31.412
1,0,0,0,1,0,0,0,0,0,1,0,0,0,0,0,79,31.348
1,0,0,1,0,0,0,0,0,0,1,0,0,0,0,0,79,31.42
1,0,1,0,0,0,0,0,0,0,0,1,0,0,0,0,79,32.48
1,0,0,1,0,0,0,0,0,0,0,1,0,0,0,0,79,32.49
1,0,0,0,0,1,0,0,0,0,0,1,0,0,0,0,79,32.828
1,0,0,0,1,0,0,0,0,0,0,1,0,0,0,0,79,32.43
1,0,0,0,1,0,0,0,0,1,0,0,0,0,0,0,79,33.816
1,0,0,0,0,1,0,0,0,1,0,0,0,0,0,0,79,34.176
1,0,1,0,0,0,0,0,0,1,0,0,0,0,0,0,79,33.858
1,0,0,1,0,0,0,0,0,1,0,0,0,0,0,0,79,33.888
1,0,0,0,0,1,0,0,1,0,0,0,0,0,0,0,79,34.962
1,0,0,0,1,0,0,1,0,0,0,0,0,0,0,0,79,34.72
1,0,0,0,1,0,0,0,1,0,0,0,0,0,0,0,79,34.578
1,0,1,0,0,0,0,0,1,0,0,0,0,0,0,0,79,34.656
1,0,0,0,0,1,0,1,0,0,0,0,0,0,0,0,79,35.064
1,0,0,1,0,0,0,0,1,0,0,0,0,0,0,0,79,34.632
1,0,0,0,0,1,1,0,0,0,0,0,0,0,0,0,79,35.318
1,0,1,0,0,0,0,1,0,0,0,0,0,0,0,0,79,34.728
1,0,0,0,1,0,1,0,0,0,0,0,0,0,0,0,79,34.962
1,0,0,1,0,0,0,1,0,0,0,0,0,0,0,0,79,34.818
1,0,1,0,0,0,1,0,0,0,0,0,0,0,0,0,79,34.96
1,0,0,1,0,0,1,0,0,0,0,0,0,0,0,0,79,35.042
1,1,0,1,0,0,0,0,0,0,0,0,0,0,0,1,79,25.934
1,1,1,0,0,0,0,0,0,0,0,0,0,0,0,1,79,25.876
1,1,0,0,1,0,0,0,0,0,0,0,0,0,0,1,79,25.872
1,1,0,0,0,1,0,0,0,0,0,0,0,0,0,1,79,26.202
1,1,0,0,1,0,0,0,0,0,0,0,0,0,1,0,79,29.22
1,1,1,0,0,0,0,0,0,0,0,0,0,0,1,0,79,29.314
1,1,0,1,0,0,0,0,0,0,0,0,0,0,1,0,79,29.3
1,1,0,0,0,1,0,0,0,0,0,0,0,0,1,0,79,29.652
1,1,1,0,0,0,0,0,0,0,0,0,1,0,0,0,79,30.624
1,1,0,1,0,0,0,0,0,0,0,0,1,0,0,0,79,30.654
1,1,0,0,1,0,0,0,0,0,0,0,1,0,0,0,79,30.544
1,1,1,0,0,0,0,0,0,0,0,0,0,1,0,0,79,31.094
1,1,0,1,0,0,0,0,0,0,0,0,0,1,0,0,79,31.108
1,1,0,0,0,1,0,0,0,0,0,0,1,0,0,0,79,30.9
1,1,0,0,1,0,0,0,0,0,0,0,0,1,0,0,79,31.04
1,1,1,0,0,0,0,0,0,0,1,0,0,0,0,0,79,31.392
1,1,0,0,1,0,0,0,0,0,1,0,0,0,0,0,79,31.372
1,1,0,1,0,0,0,0,0,0,1,0,0,0,0,0,79,31.394
1,1,0,1,0,0,0,0,0,0,0,1,0,0,0,0,79,32.548
1,1,0,0,0,1,0,0,0,0,0,1,0,0,0,0,79,32.816
1,1,0,0,0,1,0,0,0,1,0,0,0,0,0,0,79,34.168
1,1,0,0,1,0,0,0,0,1,0,0,0,0,0,0,79,33.866
1,1,1,0,0,0,0,0,0,1,0,0,0,0,0,0,79,33.834
1,1,0,1,0,0,0,0,0,1,0,0,0,0,0,0,79,33.856
1,1,0,0,0,1,0,0,1,0,0,0,0,0,0,0,79,34.966
1,1,0,0,1,0,0,0,1,0,0,0,0,0,0,0,79,34.61
1,1,0,0,1,0,0,1,0,0,0,0,0,0,0,0,79,34.69
1,1,0,0,0,1,0,1,0,0,0,0,0,0,0,0,79,35.064
1,1,1,0,0,0,0,0,1,0,0,0,0,0,0,0,79,34.604
1,1,0,1,0,0,0,0,1,0,0,0,0,0,0,0,79,34.69
1,1,0,0,0,1,1,0,0,0,0,0,0,0,0,0,79,35.332
1,1,1,0,0,0,0,1,0,0,0,0,0,0,0,0,79,34.788
1,1,0,0,1,0,1,0,0,0,0,0,0,0,0,0,79,34.966
1,1,0,1,0,0,0,1,0,0,0,0,0,0,0,0,79,34.732
1,1,1,0,0,0,1,0,0,0,0,0,0,0,0,0,79,35.042
1,1,0,1,0,0,1,0,0,0,0,0,0,0,0,0,79,34.978
0,0,0,0,1,0,0,0,0,0,0,0,0,0,0,1,80,2.622
0,0,1,0,0,0,0,0,0,0,0,0,0,0,0,1,80,2.602
0,0,0,1,0,0,0,0,0,0,0,0,0,0,0,1,80,2.542
0,0,0,0,0,1,0,0,0,0,0,0,0,0,0,1,80,3.096
0,0,0,0,1,0,0,0,0,0,0,0,0,0,1,0,80,2.97
0,0,1,0,0,0,0,0,0,0,0,0,0,0,1,0,80,3.088
0,0,0,1,0,0,0,0,0,0,0,0,0,0,1,0,80,3.012
0,0,0,0,0,1,0,0,0,0,0,0,0,0,1,0,80,3.252
0,0,1,0,0,0,0,0,0,0,0,0,0,1,0,0,80,4.15
0,0,0,0,1,0,0,0,0,0,0,0,0,1,0,0,80,4.12
0,0,0,1,0,0,0,0,0,0,0,0,0,1,0,0,80,4.314
0,0,0,0,0,1,0,0,0,0,0,0,0,1,0,0,80,4.44
0,0,0,0,1,0,0,0,0,0,0,0,1,0,0,0,80,5.454
0,0,1,0,0,0,0,0,0,0,0,0,1,0,0,0,80,5.472
0,0,0,1,0,0,0,0,0,0,0,0,1,0,0,0,80,5.498
0,0,0,0,0,1,0,0,0,0,0,0,1,0,0,0,80,5.778
0,0,1,0,0,0,0,0,0,0,0,1,0,0,0,0,80,9.156
0,0,0,0,0,1,0,0,0,0,0,1,0,0,0,0,80,9.458
0,0,0,1,0,0,0,0,0,0,0,1,0,0,0,0,80,9.05
0,0,0,0,1,0,0,0,0,0,0,1,0,0,0,0,80,8.98
0,0,0,0,0,1,0,0,0,0,1,0,0,0,0,0,80,12.114
0,0,0,0,1,0,0,0,0,0,1,0,0,0,0,0,80,11.644
0,0,1,0,0,0,0,0,0,0,1,0,0,0,0,0,80,11.532
0,0,0,1,0,0,0,0,0,0,1,0,0,0,0,0,80,11.566
0,0,0,0,1,0,0,0,0,1,0,0,0,0,0,0,80,14.44
0,0,0,0,0,1,0,0,0,1,0,0,0,0,0,0,80,14.964
0,0,1,0,0,0,0,0,0,1,0,0,0,0,0,0,80,14.87
0,0,0,0,0,1,0,0,1,0,0,0,0,0,0,0,80,15.236
0,0,0,0,1,0,0,0,1,0,0,0,0,0,0,0,80,14.622
0,0,0,1,0,0,0,0,0,1,0,0,0,0,0,0,80,14.508
0,0,0,0,0,1,0,1,0,0,0,0,0,0,0,0,80,15.082
0,0,0,0,1,0,0,1,0,0,0,0,0,0,0,0,80,14.778
0,0,1,0,0,0,0,0,1,0,0,0,0,0,0,0,80,14.644
0,0,0,1,0,0,0,0,1,0,0,0,0,0,0,0,80,14.82
0,0,1,0,0,0,0,1,0,0,0,0,0,0,0,0,80,14.95
0,0,0,0,1,0,1,0,0,0,0,0,0,0,0,0,80,15.056
0,0,0,1,0,0,0,1,0,0,0,0,0,0,0,0,80,14.838
0,0,0,1,0,0,1,0,0,0,0,0,0,0,0,0,80,14.944
0,0,1,0,0,0,1,0,0,0,0,0,0,0,0,0,80,14.916
0,0,0,0,0,1,1,0,0,0,0,0,0,0,0,0,80,15.198
0,1,0,0,1,0,0,0,0,0,0,0,0,0,0,1,80,2.5
0,1,1,0,0,0,0,0,0,0,0,0,0,0,0,1,80,2.606
0,1,0,1,0,0,0,0,0,0,0,0,0,0,0,1,80,2.592
0,1,0,0,0,1,0,0,0,0,0,0,0,0,0,1,80,3.046
0,1,1,0,0,0,0,0,0,0,0,0,0,0,1,0,80,2.998
0,1,0,0,1,0,0,0,0,0,0,0,0,0,1,0,80,2.966
0,1,0,1,0,0,0,0,0,0,0,0,0,0,1,0,80,3.01
0,1,0,0,0,1,0,0,0,0,0,0,0,0,1,0,80,3.248
0,1,1,0,0,0,0,0,0,0,0,0,0,1,0,0,80,4.156
0,1,0,0,1,0,0,0,0,0,0,0,0,1,0,0,80,4.13
0,1,0,1,0,0,0,0,0,0,0,0,0,1,0,0,80,4.206
0,1,0,0,0,1,0,0,0,0,0,0,0,1,0,0,80,4.426
0,1,0,0,1,0,0,0,0,0,0,0,1,0,0,0,80,5.434
0,1,1,0,0,0,0,0,0,0,0,0,1,0,0,0,80,5.47
0,1,0,1,0,0,0,0,0,0,0,0,1,0,0,0,80,5.51
0,1,0,0,0,1,0,0,0,0,0,0,1,0,0,0,80,5.754
0,1,1,0,0,0,0,0,0,0,0,1,0,0,0,0,80,9.026
0,1,0,0,0,1,0,0,0,0,0,1,0,0,0,0,80,9.446
0,1,0,1,0,0,0,0,0,0,0,1,0,0,0,0,80,9.312
0,1,0,0,1,0,0,0,0,0,0,1,0,0,0,0,80,8.974
0,1,0,0,0,1,0,0,0,0,1,0,0,0,0,0,80,11.772
0,1,1,0,0,0,0,0,0,0,1,0,0,0,0,0,80,11.66
0,1,0,0,1,0,0,0,0,0,1,0,0,0,0,0,80,11.528
0,1,0,1,0,0,0,0,0,0,1,0,0,0,0,0,80,11.556
0,1,0,0,1,0,0,0,0,1,0,0,0,0,0,0,80,14.49
0,1,0,0,0,1,0,0,0,1,0,0,0,0,0,0,80,15.132
0,1,1,0,0,0,0,0,0,1,0,0,0,0,0,0,80,14.48
0,1,0,0,0,1,0,0,1,0,0,0,0,0,0,0,80,15.112
0,1,0,1,0,0,0,0,0,1,0,0,0,0,0,0,80,14.522
0,1,0,0,1,0,0,0,1,0,0,0,0,0,0,0,80,14.626
0,1,0,0,0,1,0,1,0,0,0,0,0,0,0,0,80,15.268
0,1,0,0,1,0,0,1,0,0,0,0,0,0,0,0,80,14.78
0,1,1,0,0,0,0,0,1,0,0,0,0,0,0,0,80,14.86
0,1,0,1,0,0,0,0,1,0,0,0,0,0,0,0,80,14.984
0,1,1,0,0,0,0,1,0,0,0,0,0,0,0,0,80,14.95
0,1,0,0,1,0,1,0,0,0,0,0,0,0,0,0,80,14.874
0,1,0,1,0,0,0,1,0,0,0,0,0,0,0,0,80,14.996
0,1,0,1,0,0,1,0,0,0,0,0,0,0,0,0,80,15.092
0,1,1,0,0,0,1,0,0,0,0,0,0,0,0,0,80,15.06
0,1,0,0,0,1,1,0,0,0,0,0,0,0,0,0,80,15.214
1,0,0,0,1,0,0,0,0,0,0,0,0,0,0,1,80,23.104
1,0,0,1,0,0,0,0,0,0,0,0,0,0,0,1,80,23.304
1,0,1,0,0,0,0,0,0,0,0,0,0,0,0,1,80,22.488
1,0,0,0,0,1,0,0,0,0,0,0,0,0,0,1,80,23.022
1,0,1,0,0,0,0,0,0,0,0,0,0,0,1,0,80,25.118
1,0,0,0,0,1,0,0,0,0,0,0,0,0,1,0,80,25.906
1,0,0,0,1,0,0,0,0,0,0,0,1,0,0,0,80,26.666
1,0,1,0,0,0,0,0,0,0,0,0,1,0,0,0,80,27.098
1,0,0,1,0,0,0,0,0,0,0,0,1,0,0,0,80,26.508
1,0,1,0,0,0,0,0,0,0,0,0,0,1,0,0,80,26.77
1,0,0,0,1,0,0,0,0,0,0,0,0,1,0,0,80,27.668
1,0,0,1,0,0,0,0,0,0,0,0,0,1,0,0,80,26.826
1,0,0,0,0,1,0,0,0,0,0,0,1,0,0,0,80,26.792
1,0,0,0,0,1,0,0,0,0,0,0,0,1,0,0,80,27.074
1,0,0,0,0,1,0,0,0,0,1,0,0,0,0,0,80,27.95
1,0,1,0,0,0,0,0,0,0,1,0,0,0,0,0,80,27.492
1,0,0,0,1,0,0,0,0,0,1,0,0,0,0,0,80,27.212
1,0,0,1,0,0,0,0,0,0,1,0,0,0,0,0,80,27.312
1,0,1,0,0,0,0,0,0,0,0,1,0,0,0,0,80,28.356
1,0,0,1,0,0,0,0,0,0,0,1,0,0,0,0,80,28.36
1,0,0,0,0,1,0,0,0,0,0,1,0,0,0,0,80,28.668
1,0,0,0,1,0,0,0,0,0,0,1,0,0,0,0,80,28.284
1,0,0,0,1,0,0,0,0,1,0,0,0,0,0,0,80,29.28
1,0,0,0,0,1,0,0,0,1,0,0,0,0,0,0,80,29.642
1,0,1,0,0,0,0,0,0,1,0,0,0,0,0,0,80,29.384
1,0,0,1,0,0,0,0,0,1,0,0,0,0,0,0,80,29.402
1,0,0,0,0,1,0,0,1,0,0,0,0,0,0,0,80,30.586
1,0,0,0,1,0,0,1,0,0,0,0,0,0,0,0,80,30.754
1,0,0,0,1,0,0,0,1,0,0,0,0,0,0,0,80,30.164
1,0,1,0,0,0,0,0,1,0,0,0,0,0,0,0,80,30.094
1,0,0,0,0,1,0,1,0,0,0,0,0,0,0,0,80,30.598
1,0,0,1,0,0,0,0,1,0,0,0,0,0,0,0,80,30.31
1,0,0,0,0,1,1,0,0,0,0,0,0,0,0,0,80,30.858
1,0,1,0,0,0,0,1,0,0,0,0,0,0,0,0,80,30.436
1,0,0,0,1,0,1,0,0,0,0,0,0,0,0,0,80,30.562
1,0,0,1,0,0,0,1,0,0,0,0,0,0,0,0,80,30.276
1,0,1,0,0,0,1,0,0,0,0,0,0,0,0,0,80,30.63
1,0,0,1,0,0,1,0,0,0,0,0,0,0,0,0,80,30.85
1,1,0,1,0,0,0,0,0,0,0,0,0,0,0,1,80,22.652
1,1,1,0,0,0,0,0,0,0,0,0,0,0,0,1,80,22.74
1,1,0,0,1,0,0,0,0,0,0,0,0,0,0,1,80,22.568
1,1,0,0,0,1,0,0,0,0,0,0,0,0,0,1,80,22.692
1,1,0,0,1,0,0,0,0,0,0,0,0,0,1,0,80,25.092
1,1,1,0,0,0,0,0,0,0,0,0,0,0,1,0,80,25.316
1,1,0,1,0,0,0,0,0,0,0,0,0,0,1,0,80,25.356
1,1,0,0,0,1,0,0,0,0,0,0,0,0,1,0,80,25.372
1,1,1,0,0,0,0,0,0,0,0,0,1,0,0,0,80,26.478
1,1,0,1,0,0,0,0,0,0,0,0,1,0,0,0,80,26.5
1,1,0,0,1,0,0,0,0,0,0,0,1,0,0,0,80,26.68
1,1,1,0,0,0,0,0,0,0,0,0,0,1,0,0,80,26.966
1,1,0,1,0,0,0,0,0,0,0,0,0,1,0,0,80,26.812
1,1,0,0,0,1,0,0,0,0,0,0,1,0,0,0,80,26.83
1,1,0,0,1,0,0,0,0,0,0,0,0,1,0,0,80,27.184
1,1,1,0,0,0,0,0,0,0,1,0,0,0,0,0,80,27.464
1,1,0,0,1,0,0,0,0,0,1,0,0,0,0,0,80,27.298
1,1,0,1,0,0,0,0,0,0,1,0,0,0,0,0,80,27.42
1,1,0,1,0,0,0,0,0,0,0,1,0,0,0,0,80,28.176
1,1,0,0,0,1,0,0,0,0,0,1,0,0,0,0,80,28.4
1,1,0,0,0,1,0,0,0,1,0,0,0,0,0,0,80,29.88
1,1,0,0,1,0,0,0,0,1,0,0,0,0,0,0,80,29.69
1,1,1,0,0,0,0,0,0,1,0,0,0,0,0,0,80,29.776
1,1,0,1,0,0,0,0,0,1,0,0,0,0,0,0,80,29.398
1,1,0,0,0,1,0,0,1,0,0,0,0,0,0,0,80,30.346
1,1,0,0,1,0,0,0,1,0,0,0,0,0,0,0,80,30.448
1,1,0,0,1,0,0,1,0,0,0,0,0,0,0,0,80,30.246
1,1,0,0,0,1,0,1,0,0,0,0,0,0,0,0,80,30.816
1,1,1,0,0,0,0,0,1,0,0,0,0,0,0,0,80,30.098
1,1,0,1,0,0,0,0,1,0,0,0,0,0,0,0,80,30.314
1,1,0,0,0,1,1,0,0,0,0,0,0,0,0,0,80,30.938
1,1,1,0,0,0,0,1,0,0,0,0,0,0,0,0,80,30.692
1,1,0,0,1,0,1,0,0,0,0,0,0,0,0,0,80,31.254
1,1,0,1,0,0,0,1,0,0,0,0,0,0,0,0,80,30.696
1,1,1,0,0,0,1,0,0,0,0,0,0,0,0,0,80,30.774
1,1,0,1,0,0,1,0,0,0,0,0,0,0,0,0,80,30.632
0,0,0,0,1,0,0,0,0,0,0,0,0,0,0,1,81,4.446
0,0,1,0,0,0,0,0,0,0,0,0,0,0,0,1,81,4.482
0,0,0,1,0,0,0,0,0,0,0,0,0,0,0,1,81,4.516
0,0,0,0,0,1,0,0,0,0,0,0,0,0,0,1,81,4.97
0,0,0,0,1,0,0,0,0,0,0,0,0,0,1,0,81,5.976
0,0,1,0,0,0,0,0,0,0,0,0,0,0,1,0,81,6.006
0,0,0,1,0,0,0,0,0,0,0,0,0,0,1,0,81,6.038
0,0,0,0,0,1,0,0,0,0,0,0,0,0,1,0,81,6.51
0,0,1,0,0,0,0,0,0,0,0,0,0,1,0,0,81,8.412
0,0,0,0,1,0,0,0,0,0,0,0,0,1,0,0,81,8.522
0,0,0,1,0,0,0,0,0,0,0,0,0,1,0,0,81,8.664
0,0,0,0,0,1,0,0,0,0,0,0,0,1,0,0,81,9.07
0,0,0,0,1,0,0,0,0,0,0,0,1,0,0,0,81,11.036
0,0,1,0,0,0,0,0,0,0,0,0,1,0,0,0,81,11.088
0,0,0,1,0,0,0,0,0,0,0,0,1,0,0,0,81,11.246
0,0,0,0,0,1,0,0,0,0,0,0,1,0,0,0,81,11.534
0,0,1,0,0,0,0,0,0,0,0,1,0,0,0,0,81,17.366
0,0,0,0,0,1,0,0,0,0,0,1,0,0,0,0,81,17.41
0,0,0,1,0,0,0,0,0,0,0,1,0,0,0,0,81,17.514
0,0,0,0,1,0,0,0,0,0,0,1,0,0,0,0,81,17.676
0,0,0,0,0,1,0,0,0,0,1,0,0,0,0,0,81,21.906
0,0,0,0,1,0,0,0,0,0,1,0,0,0,0,0,81,21.934
0,0,1,0,0,0,0,0,0,0,1,0,0,0,0,0,81,22.304
0,0,0,1,0,0,0,0,0,0,1,0,0,0,0,0,81,22.472
0,0,0,0,1,0,0,0,0,1,0,0,0,0,0,0,81,27.906
0,0,0,0,0,1,0,0,0,1,0,0,0,0,0,0,81,28.054
0,0,1,0,0,0,0,0,0,1,0,0,0,0,0,0,81,28.404
0,0,0,0,0,1,0,0,1,0,0,0,0,0,0,0,81,28.406
0,0,0,0,1,0,0,0,1,0,0,0,0,0,0,0,81,28.45
0,0,0,1,0,0,0,0,0,1,0,0,0,0,0,0,81,28.496
0,0,0,0,0,1,0,1,0,0,0,0,0,0,0,0,81,28.672
0,0,0,0,1,0,0,1,0,0,0,0,0,0,0,0,81,28.726
0,0,1,0,0,0,0,0,1,0,0,0,0,0,0,0,81,28.746
0,0,0,1,0,0,0,0,1,0,0,0,0,0,0,0,81,28.878
0,0,1,0,0,0,0,1,0,0,0,0,0,0,0,0,81,29.01
0,0,0,0,1,0,1,0,0,0,0,0,0,0,0,0,81,29.138
0,0,0,1,0,0,0,1,0,0,0,0,0,0,0,0,81,29.16
0,0,0,1,0,0,1,0,0,0,0,0,0,0,0,0,81,29.368
0,0,1,0,0,0,1,0,0,0,0,0,0,0,0,0,81,29.518
0,0,0,0,0,1,1,0,0,0,0,0,0,0,0,0,81,29.52
0,1,0,0,1,0,0,0,0,0,0,0,0,0,0,1,81,4.454
0,1,1,0,0,0,0,0,0,0,0,0,0,0,0,1,81,4.492
0,1,0,1,0,0,0,0,0,0,0,0,0,0,0,1,81,4.506
0,1,0,0,0,1,0,0,0,0,0,0,0,0,0,1,81,4.966
0,1,1,0,0,0,0,0,0,0,0,0,0,0,1,0,81,6.004
0,1,0,0,1,0,0,0,0,0,0,0,0,0,1,0,81,6.006
0,1,0,1,0,0,0,0,0,0,0,0,0,0,1,0,81,6.036
0,1,0,0,0,1,0,0,0,0,0,0,0,0,1,0,81,6.508
0,1,1,0,0,0,0,0,0,0,0,0,0,1,0,0,81,8.494
0,1,0,0,1,0,0,0,0,0,0,0,0,1,0,0,81,8.65
0,1,0,1,0,0,0,0,0,0,0,0,0,1,0,0,81,8.654
0,1,0,0,0,1,0,0,0,0,0,0,0,1,0,0,81,9.05
0,1,0,0,1,0,0,0,0,0,0,0,1,0,0,0,81,10.734
0,1,1,0,0,0,0,0,0,0,0,0,1,0,0,0,81,11.1
0,1,0,1,0,0,0,0,0,0,0,0,1,0,0,0,81,11.206
0,1,0,0,0,1,0,0,0,0,0,0,1,0,0,0,81,11.666
0,1,1,0,0,0,0,0,0,0,0,1,0,0,0,0,81,17.374
0,1,0,0,0,1,0,0,0,0,0,1,0,0,0,0,81,17.434
0,1,0,1,0,0,0,0,0,0,0,1,0,0,0,0,81,17.53
0,1,0,0,1,0,0,0,0,0,0,1,0,0,0,0,81,17.684
0,1,0,0,0,1,0,0,0,0,1,0,0,0,0,0,81,21.902
0,1,1,0,0,0,0,0,0,0,1,0,0,0,0,0,81,21.904
0,1,0,0,1,0,0,0,0,0,1,0,0,0,0,0,81,22.16
0,1,0,1,0,0,0,0,0,0,1,0,0,0,0,0,81,22.388
0,1,0,0,1,0,0,0,0,1,0,0,0,0,0,0,81,27.922
0,1,0,0,0,1,0,0,0,1,0,0,0,0,0,0,81,28.02
0,1,1,0,0,0,0,0,0,1,0,0,0,0,0,0,81,28.37
0,1,0,0,0,1,0,0,1,0,0,0,0,0,0,0,81,28.372
0,1,0,1,0,0,0,0,0,1,0,0,0,0,0,0,81,28.408
0,1,0,0,1,0,0,0,1,0,0,0,0,0,0,0,81,28.46
0,1,0,0,0,1,0,1,0,0,0,0,0,0,0,0,81,28.686
0,1,0,0,1,0,0,1,0,0,0,0,0,0,0,0,81,28.724
0,1,1,0,0,0,0,0,1,0,0,0,0,0,0,0,81,28.778
0,1,0,1,0,0,0,0,1,0,0,0,0,0,0,0,81,28.894
0,1,1,0,0,0,0,1,0,0,0,0,0,0,0,0,81,29.032
0,1,0,0,1,0,1,0,0,0,0,0,0,0,0,0,81,29.13
0,1,0,1,0,0,0,1,0,0,0,0,0,0,0,0,81,29.18
0,1,0,1,0,0,1,0,0,0,0,0,0,0,0,0,81,29.354
0,1,1,0,0,0,1,0,0,0,0,0,0,0,0,0,81,29.448
0,1,0,0,0,1,1,0,0,0,0,0,0,0,0,0,81,29.506
1,0,0,0,1,0,0,0,0,0,0,0,0,0,0,1,81,42.12
1,0,0,1,0,0,0,0,0,0,0,0,0,0,0,1,81,42.176
1,0,1,0,0,0,0,0,0,0,0,0,0,0,0,1,81,42.186
1,0,0,0,0,1,0,0,0,0,0,0,0,0,0,1,81,42.662
1,0,1,0,0,0,0,0,0,0,0,0,0,0,1,0,81,48.558
1,0,0,0,0,1,0,0,0,0,0,0,0,0,1,0,81,48.99
1,0,0,0,1,0,0,0,0,0,0,0,1,0,0,0,81,50.76
1,0,1,0,0,0,0,0,0,0,0,0,1,0,0,0,81,51.276
1,0,0,1,0,0,0,0,0,0,0,0,1,0,0,0,81,51.494
1,0,1,0,0,0,0,0,0,0,0,0,0,1,0,0,81,52.038
1,0,0,0,1,0,0,0,0,0,0,0,0,1,0,0,81,52.052
1,0,0,1,0,0,0,0,0,0,0,0,0,1,0,0,81,52.146
1,0,0,0,0,1,0,0,0,0,0,0,1,0,0,0,81,52.16
1,0,0,0,0,1,0,0,0,0,0,0,0,1,0,0,81,52.706
1,0,0,0,0,1,0,0,0,0,1,0,0,0,0,0,81,52.778
1,0,1,0,0,0,0,0,0,0,1,0,0,0,0,0,81,53.138
1,0,0,0,1,0,0,0,0,0,1,0,0,0,0,0,81,53.278
1,0,0,1,0,0,0,0,0,0,1,0,0,0,0,0,81,53.736
1,0,1,0,0,0,0,0,0,0,0,1,0,0,0,0,81,54.642
1,0,0,1,0,0,0,0,0,0,0,1,0,0,0,0,81,54.722
1,0,0,0,0,1,0,0,0,0,0,1,0,0,0,0,81,54.852
1,0,0,0,1,0,0,0,0,0,0,1,0,0,0,0,81,54.942
1,0,0,0,1,0,0,0,0,1,0,0,0,0,0,0,81,56.878
1,0,0,0,0,1,0,0,0,1,0,0,0,0,0,0,81,56.892
1,0,1,0,0,0,0,0,0,1,0,0,0,0,0,0,81,57.382
1,0,0,1,0,0,0,0,0,1,0,0,0,0,0,0,81,57.616
1,0,0,0,0,1,0,0,1,0,0,0,0,0,0,0,81,58.104
1,0,0,0,1,0,0,1,0,0,0,0,0,0,0,0,81,58.45
1,0,0,0,1,0,0,0,1,0,0,0,0,0,0,0,81,58.472
1,0,1,0,0,0,0,0,1,0,0,0,0,0,0,0,81,58.628
1,0,0,0,0,1,0,1,0,0,0,0,0,0,0,0,81,58.694
1,0,0,1,0,0,0,0,1,0,0,0,0,0,0,0,81,59.006
1,0,0,0,0,1,1,0,0,0,0,0,0,0,0,0,81,59.136
1,0,1,0,0,0,0,1,0,0,0,0,0,0,0,0,81,59.176
1,0,0,0,1,0,1,0,0,0,0,0,0,0,0,0,81,59.33
1,0,0,1,0,0,0,1,0,0,0,0,0,0,0,0,81,59.442
1,0,1,0,0,0,1,0,0,0,0,0,0,0,0,0,81,59.632
1,0,0,1,0,0,1,0,0,0,0,0,0,0,0,0,81,59.852
1,1,0,1,0,0,0,0,0,0,0,0,0,0,0,1,81,42.148
1,1,1,0,0,0,0,0,0,0,0,0,0,0,0,1,81,42.168
1,1,0,0,1,0,0,0,0,0,0,0,0,0,0,1,81,42.222
1,1,0,0,0,1,0,0,0,0,0,0,0,0,0,1,81,42.602
1,1,0,0,1,0,0,0,0,0,0,0,0,0,1,0,81,48.612
1,1,1,0,0,0,0,0,0,0,0,0,0,0,1,0,81,48.628
1,1,0,1,0,0,0,0,0,0,0,0,0,0,1,0,81,48.666
1,1,0,0,0,1,0,0,0,0,0,0,0,0,1,0,81,49.11
1,1,1,0,0,0,0,0,0,0,0,0,1,0,0,0,81,51.386
1,1,0,1,0,0,0,0,0,0,0,0,1,0,0,0,81,51.486
1,1,0,0,1,0,0,0,0,0,0,0,1,0,0,0,81,51.568
1,1,1,0,0,0,0,0,0,0,0,0,0,1,0,0,81,52.086
1,1,0,1,0,0,0,0,0,0,0,0,0,1,0,0,81,52.146
1,1,0,0,0,1,0,0,0,0,0,0,1,0,0,0,81,52.148
1,1,0,0,1,0,0,0,0,0,0,0,0,1,0,0,81,52.238
1,1,1,0,0,0,0,0,0,0,1,0,0,0,0,0,81,53.03
1,1,0,0,1,0,0,0,0,0,1,0,0,0,0,0,81,53.308
1,1,0,1,0,0,0,0,0,0,1,0,0,0,0,0,81,53.64
1,1,0,1,0,0,0,0,0,0,0,1,0,0,0,0,81,54.492
1,1,0,0,0,1,0,0,0,0,0,1,0,0,0,0,81,54.762
1,1,0,0,0,1,0,0,0,1,0,0,0,0,0,0,81,56.554
1,1,0,0,1,0,0,0,0,1,0,0,0,0,0,0,81,56.898
1,1,1,0,0,0,0,0,0,1,0,0,0,0,0,0,81,57.484
1,1,0,1,0,0,0,0,0,1,0,0,0,0,0,0,81,57.546
1,1,0,0,0,1,0,0,1,0,0,0,0,0,0,0,81,58.222
1,1,0,0,1,0,0,0,1,0,0,0,0,0,0,0,81,58.466
1,1,0,0,1,0,0,1,0,0,0,0,0,0,0,0,81,58.486
1,1,0,0,0,1,0,1,0,0,0,0,0,0,0,0,81,58.526
1,1,1,0,0,0,0,0,1,0,0,0,0,0,0,0,81,58.604
1,1,0,1,0,0,0,0,1,0,0,0,0,0,0,0,81,58.96
1,1,0,0,0,1,1,0,0,0,0,0,0,0,0,0,81,59.11
1,1,1,0,0,0,0,1,0,0,0,0,0,0,0,0,81,59.242
1,1,0,0,1,0,1,0,0,0,0,0,0,0,0,0,81,59.272
1,1,0,1,0,0,0,1,0,0,0,0,0,0,0,0,81,59.45
1,1,1,0,0,0,1,0,0,0,0,0,0,0,0,0,81,59.692
1,1,0,1,0,0,1,0,0,0,0,0,0,0,0,0,81,60.044
